label,n_before,n_deduped,n_after,div_before,div_after,kept_pct
ocp:play,1668203,1654278,25,0.9612,0.9998,0.0
ovos-skill-weather.openvoiceos:hourly_forecast.intent,21666,20756,25,0.9028,0.9787,0.1
ovos-skill-wallpapers.openvoiceos:wallpaper.about.intent,17169,15818,25,0.7501,0.9146,0.1
ovos-skill-boot-finished.openvoiceos:enable_ready_notification.intent,13188,13184,25,0.9018,0.9889,0.2
ovos-skill-boot-finished.openvoiceos:disable_ready_notification.intent,11129,11121,25,0.9063,0.9921,0.2
ovos-skill-count.openvoiceos:count_to_N.intent,10950,10950,25,0.8014,0.7754,0.2
common_query:common_query,10877,10839,25,0.9885,0.9991,0.2
ovos-skill-date-time.openvoiceos:date.future.weekend.intent,9431,9406,25,0.8369,0.9901,0.3
ovos-skill-alerts.openvoiceos:missed_alerts.intent,6768,6288,25,0.9432,1.0,0.4
ovos-skill-weather.openvoiceos:hourly_temperature.intent,6340,6340,25,0.851,0.9773,0.4
ovos-skill-weather.openvoiceos:daily_forecast.intent,4651,4542,25,0.9602,0.999,0.5
ovos-skill-wallpapers.openvoiceos:picture.about.intent,4248,2648,25,0.8431,0.9834,0.6
ovos-skill-date-time.openvoiceos:date.last.weekend.intent,3624,3607,25,0.8813,0.9955,0.7
ovos-skill-wallpapers.openvoiceos:wallpaper.random.intent,3512,3236,25,0.796,0.9803,0.7
ovos-skill-wordnet.openvoiceos:definition.intent,3277,3265,25,0.9837,0.9997,0.8
ovos-skill-date-time.openvoiceos:what.time.will.it.be.intent,2598,2360,25,0.8705,0.9485,1.0
ovos-skill-iss-location.openvoiceos:when_iss.intent,2026,1898,25,0.8915,0.9479,1.2
ovos-skill-date-time.openvoiceos:what.time.is.it.intent,1963,1948,25,0.9559,0.9573,1.3
ovos-skill-weather.openvoiceos:low_temperature.intent,1866,1862,25,0.9509,0.9946,1.3
ovos-skill-weather.openvoiceos:high_temperature.intent,1746,1738,25,0.9101,0.9792,1.4
ovos-skill-days-in-history.openvoiceos:today_in_history.intent,1492,1492,25,0.8393,0.9812,1.7
ovos-skill-dictation.openvoiceos:start_dictation.intent,1481,1454,25,0.9443,0.9891,1.7
ovos-skill-weather.openvoiceos:N_days_forecast.intent,1443,1435,25,0.9482,0.997,1.7
ovos-skill-news.openvoiceos:news.intent,1393,1387,25,0.9558,1.0,1.8
ovos-skill-moviemaster.openvoiceos:movie.top.intent,1277,1271,25,0.9155,0.9605,2.0
ovos-skill-wallpapers.openvoiceos:picture.random.intent,1170,1074,25,0.9265,0.999,2.1
ovos-skill-moviemaster.openvoiceos:movie.information.intent,1160,1160,25,0.862,0.9168,2.2
ovos-skill-date-time.openvoiceos:what.month.is.it.intent,1158,1128,25,0.9661,0.9909,2.2
ovos-skill-audio-recording.openvoiceos:start_recording.intent,1050,1032,25,0.9213,0.996,2.4
ovos-skill-icanhazdadjokes.openvoiceos:joke.intent,973,966,25,0.9831,0.9988,2.6
ovos-skill-date-time.openvoiceos:current_date.intent,892,882,25,0.9415,0.9727,2.8
ovos-skill-diagnostics.openvoiceos:query_langs.intent,843,833,25,0.8727,0.9838,3.0
ovos-skill-weather.openvoiceos:current_weather.intent,839,837,25,0.9621,1.0,3.0
ovos-skill-date-time.openvoiceos:weekday.for.date.intent,813,757,25,0.9167,0.9234,3.1
ovos-skill-weather.openvoiceos:weekend_forecast.intent,801,799,25,0.9367,0.982,3.1
ovos-skill-moviemaster.openvoiceos:movie.recommendations.intent,793,777,25,0.8356,0.9233,3.2
ovos-skill-weather.openvoiceos:daily_forecast.intent.intent,793,788,25,0.9783,0.9932,3.2
ovos-skill-weather.openvoiceos:is_wind.intent,761,760,25,0.9132,0.9978,3.3
ovos-skill-wikipedia.openvoiceos:wikiroulette.intent,638,576,25,0.8983,0.9678,3.9
ovos-skill-weather.openvoiceos:current_temperature.intent,620,618,25,0.9453,0.9987,4.0
ovos-skill-boot-finished.openvoiceos:are_you_ready.intent,615,613,25,0.9637,0.9996,4.1
ovos-skill-dictation.openvoiceos:stop_dictation.intent,582,580,25,0.966,0.9984,4.3
ovos-skill-wikipedia.openvoiceos:wiki.intent,579,553,25,0.8434,0.9472,4.3
ovos-skill-iss-location.openvoiceos:where_iss.intent,552,488,25,0.8729,0.9604,4.5
ovos-skill-hello-world.openvoiceos:Greetings.intent,483,474,25,0.9901,1.0,5.2
ovos-skill-ip.openvoiceos:what.ssid.intent,481,361,25,0.743,0.8976,5.2
ovos-skill-weather.openvoiceos:is_stormy.intent,475,473,25,0.9561,0.9972,5.3
ovos-skill-weather.openvoiceos:is_clear.intent,474,474,25,0.9562,0.9941,5.3
ovos-skill-news.openvoiceos:global_news.intent,467,462,25,0.9788,0.9996,5.4
ovos-skill-diagnostics.openvoiceos:query_primary_lang.intent,464,456,25,0.8805,0.9775,5.4
ovos-skill-weather.openvoiceos:is_fog.intent,433,433,25,0.9533,0.9906,5.8
ovos-skill-date-time.openvoiceos:time.until.intent,418,416,25,0.9306,0.9621,6.0
stop:stop,417,394,25,0.9763,1.0,6.0
ovos-skill-moviemaster.openvoiceos:movie.genres.intent,392,384,25,0.8547,0.919,6.4
ovos-skill-date-time.openvoiceos:next.leap.year.intent,385,379,25,0.9244,0.975,6.5
ovos-skill-date-time.openvoiceos:what.weekday.is.it.intent,353,340,25,0.9672,0.9786,7.1
ovos-skill-parrot.openvoiceos:repeat.tts.intent,345,345,25,0.9706,0.9992,7.2
ovos-skill-wolfie.openvoiceos:search_wolfie.intent,339,332,25,0.7914,0.8745,7.4
ovos-skill-weather.openvoiceos:is_snow.intent,336,330,25,0.9607,0.997,7.4
ovos-skill-wordnet.openvoiceos:hyponym.intent,327,327,25,0.7192,0.8817,7.6
ovos-skill-weather.openvoiceos:sunrise.intent,324,319,25,0.948,0.9952,7.7
ovos-skill-personal.openvoiceos:WhoMadeYou.intent,319,319,25,0.9686,0.9945,7.8
ovos-skill-weather.openvoiceos:sunset.intent,311,307,25,0.94,0.9943,8.0
ovos-skill-wikihow.openvoiceos:wikihow.intent,307,289,25,0.8346,0.9067,8.1
ovos-skill-moviemaster.openvoiceos:movie.description.intent,293,293,25,0.863,0.9049,8.5
ovos-skill-naptime.openvoiceos:naptime.intent,281,278,25,0.979,0.998,8.9
ovos-skill-moviemaster.openvoiceos:genre.tv.search.intent,274,266,25,0.8487,0.8639,9.1
ovos-skill-parrot.openvoiceos:stop_parrot.intent,267,225,25,0.9648,1.0,9.4
ovos-skill-date-time.openvoiceos:what.day.is.it.intent,265,260,25,0.9447,0.9893,9.4
ovos-skill-laugh.openvoiceos:Laugh.intent,256,255,25,0.9834,1.0,9.8
ovos-skill-diagnostics.openvoiceos:query_ovos_location.intent,242,237,25,0.8999,0.9947,10.3
ovos-skill-weather.openvoiceos:humidity.intent,242,242,25,0.9601,0.9973,10.3
ovos-skill-alerts.openvoiceos:CreateOcpAlarm,233,231,25,0.9386,0.9677,10.7
ovos-skill-personal.openvoiceos:WhatAreYou.intent,225,221,25,0.972,0.9962,11.1
ovos-skill-diagnostics.openvoiceos:query_extra_langs.intent,216,211,25,0.9041,0.9796,11.6
ovos-skill-personal.openvoiceos:WhenWereYouBorn.intent,211,211,25,0.9709,0.9969,11.8
ovos-skill-moviemaster.openvoiceos:movie.popular.intent,208,206,25,0.932,0.9682,12.0
ovos-skill-personal.openvoiceos:WhereWereYouBorn.intent,207,207,25,0.9703,0.9926,12.1
ovos-skill-ddg.openvoiceos:search_duck.intent,200,158,25,0.8256,0.9172,12.5
ovos-skill-moviemaster.openvoiceos:movie.runtime.intent,199,199,25,0.8341,0.9124,12.6
ovos-skill-diagnostics.openvoiceos:query_user_lang.intent,183,177,25,0.9136,0.966,13.7
ovos-skill-volume.openvoiceos:volume.default.intent,171,168,25,0.8987,0.9632,14.6
ovos-skill-weather.openvoiceos:next_rain.intent,170,170,25,0.9608,0.9816,14.7
ovos-skill-laugh.openvoiceos:RandomLaugh.intent,168,168,25,0.9813,1.0,14.9
ovos-skill-parrot.openvoiceos:start_parrot.intent,166,162,25,0.9694,0.9966,15.1
ovos-skill-wordnet.openvoiceos:hypernym.intent,164,164,25,0.7404,0.8888,15.2
ovos-skill-date-time.openvoiceos:what.year.is.it.intent,162,162,25,0.9676,0.9891,15.4
ovos-skill-moviemaster.openvoiceos:movie.year.intent,159,153,25,0.8497,0.9243,15.7
ovos-skill-icanhazdadjokes.openvoiceos:search_joke.intent,143,143,25,0.8303,0.9023,17.5
ovos-skill-parrot.openvoiceos:repeat.stt.intent,139,139,25,0.9571,0.978,18.0
ovos-skill-parrot.openvoiceos:did.you.hear.me.intent,134,134,25,0.9828,1.0,18.7
ovos-skill-diagnostics.openvoiceos:query_memory_usage.intent,132,125,25,0.9411,0.9886,18.9
ovos-skill-personal.openvoiceos:WhoAreYou.intent,130,130,25,0.9862,1.0,19.2
ovos-skill-diagnostics.openvoiceos:query_user_location.intent,129,124,25,0.8164,0.9779,19.4
ovos-skill-diagnostics.openvoiceos:query_cpu_usage.intent,126,110,25,0.8928,0.95,19.8
ovos-skill-alerts.openvoiceos:TimerStatus,119,119,25,0.9465,0.9769,21.0
ovos-skill-moviemaster.openvoiceos:genre.movie.search.intent,114,111,25,0.8288,0.8515,21.9
ovos-skill-volume.openvoiceos:volume.max.intent,113,110,25,0.8796,0.947,22.1
ovos-skill-wordnet.openvoiceos:search_wordnet.intent,111,105,25,0.8498,0.8727,22.5
ovos-skill-volume.openvoiceos:volume.unmute.intent,108,105,25,0.915,0.9901,23.1
ovos-skill-alerts.openvoiceos:ListAlerts,102,101,25,0.9824,0.9956,24.5
ovos-skill-volume.openvoiceos:volume.high.intent,101,94,25,0.8963,0.9559,24.8
ovos-skill-volume.openvoiceos:volume.low.intent,98,92,25,0.9237,0.9784,25.5
ovos-skill-alerts.openvoiceos:CreateAlarm,96,96,25,0.9349,0.963,26.0
ovos-skill-date-time.openvoiceos:handle_day_for_date,95,93,25,0.9354,0.9642,26.3
ovos-skill-volume.openvoiceos:volume.mute.intent,91,85,25,0.9377,0.9947,27.5
ovos-skill-wordnet.openvoiceos:antonym.intent,85,85,25,0.7578,0.8468,29.4
ovos-skill-volume.openvoiceos:increase_volume,85,84,25,0.9747,0.9951,29.4
ovos-skill-wordnet.openvoiceos:holonym.intent,82,82,25,0.7538,0.8408,30.5
ovos-skill-moviemaster.openvoiceos:movie.genre.search.intent,80,76,25,0.8366,0.8468,31.2
ovos-skill-volume.openvoiceos:less_volume,77,77,25,0.9768,1.0,32.5
ovos-skill-alerts.openvoiceos:AddListSubitems,75,75,25,0.9207,0.9635,33.3
ovos-skill-screenshot.openvoiceos:take.screenshot.intent,70,68,25,0.9386,0.9834,35.7
ovos-skill-diagnostics.openvoiceos:query_gpu.intent,70,66,25,0.8978,0.8946,35.7
ovos-skill-diagnostics.openvoiceos:query_kernel_version.intent,69,65,25,0.8815,0.9286,36.2
ovos-skill-parrot.openvoiceos:speak.intent,68,57,25,0.8779,0.8871,36.8
ovos-skill-moviemaster.openvoiceos:movie.cast.intent,65,65,25,0.8589,0.919,38.5
ovos-skill-wordnet.openvoiceos:lemma.intent,64,64,25,0.8084,0.8822,39.1
ovos-skill-camera.openvoiceos:take_picture.intent,63,59,25,0.9056,0.9517,39.7
ovos-skill-fuster-quotes.openvoiceos:fuster_quotes.intent,61,61,25,0.9147,0.9552,41.0
ovos-skill-camera.openvoiceos:have_camera.intent,61,55,25,0.9523,0.9707,41.0
ovos-skill-days-in-history.openvoiceos:births_in_history.intent,60,60,25,0.9421,0.9783,41.7
ovos-skill-alerts.openvoiceos:CreateReminder,59,58,25,0.9527,0.9702,42.4
ovos-skill-randomness.openvoiceos:flip-a-coin.intent,54,54,25,0.9545,0.9733,46.3
ovos-skill-alerts.openvoiceos:CancelAlert,53,53,25,0.9549,0.9793,47.2
ovos-skill-alerts.openvoiceos:DeleteListEntries,52,52,25,0.8889,0.9214,48.1
ovos-skill-alerts.openvoiceos:DeleteTodoEntries,49,49,25,0.9699,0.987,51.0
ovos-skill-iss-location.openvoiceos:WhoISSIntent,49,49,25,0.9444,0.9571,51.0
ovos-skill-application-launcher.openvoiceos:launch.intent,49,46,25,0.8115,0.7427,51.0
ovos-skill-weather.openvoiceos:N_days_forecast,48,48,25,0.8654,0.8917,52.1
ovos-skill-ip.openvoiceos:IPIntent,47,47,25,0.8798,0.9093,53.2
ovos-skill-ddg.openvoiceos:born.intent,47,47,25,0.8894,0.9069,53.2
ovos-skill-alerts.openvoiceos:RescheduleAlert,47,47,25,0.9475,0.9705,53.2
ovos-skill-weather.openvoiceos:hourly_temperature,45,45,25,0.8692,0.9007,55.6
ovos-skill-ddg.openvoiceos:age_at_death.intent,45,45,25,0.8872,0.9292,55.6
ovos-skill-volume.openvoiceos:volume.mute.toggle.intent,44,42,25,0.9506,0.9736,56.8
ovos-skill-ddg.openvoiceos:died.intent,43,42,25,0.8632,0.9046,58.1
ovos-skill-application-launcher.openvoiceos:close.intent,42,41,25,0.7714,0.706,59.5
ovos-skill-alerts.openvoiceos:CreateList,42,42,25,0.8814,0.917,59.5
ovos-skill-confucius-quotes.openvoiceos:ConfuciusQuote,42,42,25,0.9454,0.9576,59.5
ovos-skill-weather.openvoiceos:sunset,42,42,25,0.9102,0.9387,59.5
ovos-skill-days-in-history.openvoiceos:deaths_in_history.intent,41,41,25,0.8749,0.968,61.0
ovos-skill-randomness.openvoiceos:fortune-teller.intent,41,41,25,0.9121,0.9397,61.0
ovos-skill-ddg.openvoiceos:birthdate.intent,41,38,25,0.872,0.892,61.0
ovos-skill-weather.openvoiceos:sunrise,41,41,25,0.9148,0.9361,61.0
ovos-skill-moviemaster.openvoiceos:movie.production.intent,40,40,25,0.8457,0.8491,62.5
ovos-skill-alerts.openvoiceos:DeleteList,39,39,25,0.9279,0.9563,64.1
ovos-skill-hello-world.openvoiceos:ThankYouIntent,37,36,25,0.984,0.9943,67.6
ovos-skill-alerts.openvoiceos:ChangeProperties,37,37,25,0.9612,0.9751,67.6
ovos-skill-weather.openvoiceos:is_clear,36,36,25,0.8904,0.8968,69.4
ovos-skill-confucius-quotes.openvoiceos:ConfuciusDeath,35,35,25,0.9589,0.9718,71.4
ovos-skill-confucius-quotes.openvoiceos:ConfuciusBirth,34,34,25,0.9646,0.9728,73.5
ovos-skill-alerts.openvoiceos:CreateTimer,34,34,25,0.9068,0.9257,73.5
ovos-skill-weather.openvoiceos:condition,33,33,25,0.9121,0.9289,75.8
ovos-skill-wordnet.openvoiceos:synonym.intent,33,33,25,0.958,0.9722,75.8
ovos-skill-weather.openvoiceos:forecast,33,33,25,0.8795,0.8931,75.8
ovos-skill-alerts.openvoiceos:CreateEvent,32,32,25,0.9418,0.9576,78.1
ovos-skill-weather.openvoiceos:current_temperature,31,31,25,0.8805,0.8954,80.6
ovos-skill-laugh.openvoiceos:haunted.intent,31,31,25,0.9737,0.9771,80.6
ovos-skill-naptime.openvoiceos:WakeUp,31,31,25,0.9677,0.9811,80.6
ovos-skill-volume.openvoiceos:change_volume,30,30,25,0.9637,0.9668,83.3
ovos-skill-wikipedia.openvoiceos:common_query,30,30,25,0.931,0.9343,83.3
ovos-skill-randomness.openvoiceos:roll-multiple-dice.intent,29,29,25,0.7907,0.7943,86.2
ovos-skill-color-picker.krisgesling:request-color-by-name.intent,29,23,23,0.8372,0.8651,79.3
common_query:wiki.intent,28,28,25,0.9008,0.9152,89.3
ovos-skill-color-picker.krisgesling.openvoiceos:request-color-by-name.intent,28,28,25,0.9561,0.9607,89.3
ovos-skill-iss-location.openvoiceos:NumberISSIntent,28,27,25,0.9528,0.9603,89.3
ovos-skill-ddg.openvoiceos:education.intent,27,26,25,0.8962,0.8966,92.6
ovos-skill-alerts.openvoiceos:CalendarList,26,26,25,0.9412,0.9427,96.2
ovos-skill-alerts.openvoiceos:QueryTodoEntries,26,26,25,0.9755,0.9745,96.2
ovos-skill-randomness.openvoiceos:roll-single-die.intent,26,26,25,0.8756,0.8839,96.2
ovos-skill-alerts.openvoiceos:QueryListNames,25,25,25,0.9352,0.9352,100.0
ovos-skill-confucius-quotes.openvoiceos:who.intent,25,23,23,0.9503,0.9549,92.0
ovos-skill-alerts.openvoiceos:QueryListEntries,25,25,25,0.9244,0.9244,100.0
ovos-skill-wallpapers.openvoiceos:MakeWallpaperIntent,24,24,24,0.946,0.946,100.0
ovos-skill-weather.openvoiceos:is_wind,24,24,24,0.8873,0.8873,100.0
ovos-skill-weather.openvoiceos:weekend_forecast,24,24,24,0.8806,0.8806,100.0
ovos-skill-alerts.openvoiceos:DAVSync,24,24,24,0.9616,0.9616,100.0
ovos-skill-fuster-quotes.openvoiceos:who.intent,24,24,24,0.7322,0.7322,100.0
ovos-skill-weather.openvoiceos:current_weather,22,22,22,0.8427,0.8427,100.0
ovos-skill-weather.openvoiceos:hourly_forecast,20,20,20,0.898,0.898,100.0
ovos-skill-ddg.openvoiceos:children.intent,20,20,20,0.8821,0.8821,100.0
ovos-skill-randomness.openvoiceos:pick-a-number.intent,20,20,20,0.6983,0.6983,100.0
ovos-skill-weather.openvoiceos:daily_forecast,20,20,20,0.872,0.872,100.0
ovos-skill-randomness.openvoiceos:make-a-choice.intent,19,19,19,0.9336,0.9336,100.0
ovos-skill-weather.openvoiceos:next_rain,19,19,19,0.886,0.886,100.0
ovos-skill-weather.openvoiceos:is_stormy,19,19,19,0.8988,0.8988,100.0
ovos-skill-ddg.openvoiceos:known_for.intent,18,18,18,0.8941,0.8941,100.0
ovos-skill-ddg.openvoiceos:resting_place.intent,18,18,18,0.8812,0.8812,100.0
ovos-skill-weather.openvoiceos:is_fog,18,18,18,0.8811,0.8811,100.0
ovos-skill-weather.openvoiceos:low_temperature,17,17,17,0.858,0.858,100.0
ovos-skill-weather.openvoiceos:humidity,17,17,17,0.8804,0.8804,100.0
ovos-skill-weather.openvoiceos:is_snow,17,17,17,0.8562,0.8562,100.0
ovos-skill-weather.openvoiceos:high_temperature,16,16,16,0.838,0.838,100.0
ovos-skill-color-picker.krisgesling:request-color-by-hex.intent,12,10,10,0.8164,0.8468,83.3
ovos-skill-speedtest.openvoiceos:SpeedtestIntent,12,12,12,0.841,0.841,100.0
ovos-skill-ddg.openvoiceos:who.intent,11,11,11,0.813,0.813,100.0
ovos-skill-weather.openvoiceos:do.i.need.an.umbrella.intent,11,11,11,0.9346,0.9346,100.0
ovos-skill-ddg.openvoiceos:official_website.intent,10,10,10,0.8805,0.8805,100.0
ovos-skill-color-picker.krisgesling:request-color-by-rgb.intent,9,7,7,0.8056,0.8885,77.8
ovos-skill-color-picker.krisgesling:request-color.intent,9,7,7,0.8335,0.8812,77.8
ovos-skill-ddg.openvoiceos:fields.intent,8,8,8,0.8926,0.8926,100.0
ovos-skill-ddg.openvoiceos:thesis.intent,8,8,8,0.9183,0.9183,100.0
ovos-skill-ddg.openvoiceos:alma_mater.intent,8,8,8,0.811,0.811,100.0
ovos-skill-volume.openvoiceos:volume.mute,7,7,7,0.9532,0.9532,100.0
ovos-skill-parrot.openvoiceos:stop,5,5,5,0.9833,0.9833,100.0
ovos-skill-hello-world.openvoiceos:HelloWorldIntent,3,3,3,0.8889,0.8889,100.0
ovos-skill-date-time.openvoiceos:what.date.is.it.intent,3,3,3,0.7778,0.7778,100.0
ovos-skill-date-time.openvoiceos:handle_query_relative_date,3,3,3,0.631,0.631,100.0
ovos-skill-date-time.openvoiceos:handle_weekday,3,3,3,0.7074,0.7074,100.0
ovos-skill-weather.openvoiceos:daily_temperature.intent,2,2,2,1.0,1.0,100.0
ovos-skill-weather.openvoiceos:daily_weather.intent,2,2,2,0.9231,0.9231,100.0
ovos-skill-personal.OpenVoiceOS.openvoiceos:WhereWereYouBorn.intent,1,1,1,0.0,0.0,100.0
ovos-skill-personal.OpenVoiceOS.openvoiceos:WhatAreYou.intent,1,1,1,0.0,0.0,100.0
ovos-skill-personal.OpenVoiceOS.openvoiceos:WhoMadeYou.intent,1,1,1,0.0,0.0,100.0
ovos-skill-personal.OpenVoiceOS.openvoiceos:WhenWereYouBorn.intent,1,1,1,0.0,0.0,100.0
ovos-skill-date-time.openvoiceos:handle_query_date_simple,1,1,1,0.0,0.0,100.0
ovos-skill-ddg.openvoiceos:search_wolfie.intent,1,1,1,0.0,0.0,100.0
ovos-skill-diagnostics.openvoiceos:no_secondary_langs.intent,1,1,1,0.0,0.0,100.0
ovos-skill-date-time.openvoiceos:sunset.intent,1,1,1,0.0,0.0,100.0
ovos-skill-weather.openvoiceos:hourly_weather.intent,1,1,1,0.0,0.0,100.0
